# time,u_0,95CLI,u_1,95CLI,u_2,95CLI
7.703999999999999737e+00
-1.324492367960030392e-01
2.400944591880671899e-02
-8.428143398812613929e-03
2.436777189209155675e-02
-3.933119955229694154e-02
2.305235353380048757e-02
