# time,u_0,95CLI,u_1,95CLI,u_2,95CLI
7.703999999999999737e+00
-1.099883878925512481e-01
2.644722663327281689e-02
-9.615588061250956997e-03
3.112607178277321598e-02
1.778602970412667891e-02
3.674070529196750423e-02
