# time,u_0,95CLI,u_1,95CLI,u_2,95CLI
9.997999999999999332e+00
-5.312688142734373065e-02
6.494098271583126879e-03
5.705096572265659985e-04
6.015353575062733736e-03
-5.288099157421879450e-03
5.790641505532470937e-03
