# time,u_0,95CLI,u_1,95CLI,u_2,95CLI
7.703999999999999737e+00
-7.161027635287063597e-02
2.163421640721636605e-02
3.469489789590454298e-03
2.178938395231684241e-02
-6.346539462411761225e-04
2.105937164043326579e-02
