# time,u_0,95CLI,u_1,95CLI,u_2,95CLI
7.703999999999999737e+00
-8.358704781177005161e-02
2.254505994533639521e-02
-2.026422815825326511e-03
2.333088959018461347e-02
-2.714281320561896110e-02
2.719748833589441181e-02
