# time,u_0,95CLI,u_1,95CLI,u_2,95CLI
7.703999999999999737e+00
-8.199429423343262968e-02
2.080053080520823106e-02
1.231709417095978865e-02
1.912870652966163626e-02
2.031413251138674669e-03
1.864101124163099893e-02
