# time,u_0,95CLI,u_1,95CLI,u_2,95CLI
7.703999999999999737e+00
-1.281084859998759817e-01
1.978432557467104183e-02
-5.888142001750142421e-03
1.568232044206720882e-02
-1.731134213083014572e-02
1.810600752580455650e-02
