# time,u_0,95CLI,u_1,95CLI,u_2,95CLI
9.997999999999999332e+00
-2.319609572851561580e-02
6.105933675705194942e-03
2.672567748046871666e-03
6.629562365393595891e-03
-7.536209035156304610e-04
6.015613283483802788e-03
