# time,u_0,95CLI,u_1,95CLI,u_2,95CLI
9.997999999999999332e+00
-1.333080452900000101e-01
3.986095807212049202e-02
1.383373559999967212e-03
2.563656479210920172e-02
-8.945751919999942597e-03
2.763305649542117590e-02
