# time,u_0,95CLI,u_1,95CLI,u_2,95CLI
9.997999999999999332e+00
-1.083244017499999656e-01
2.170383618939059067e-02
-7.587688237499961089e-03
2.908732468065338903e-02
-2.188320987499987706e-03
2.072237717969986626e-02
