# time,u_0,95CLI,u_1,95CLI,u_2,95CLI
9.997999999999999332e+00
-1.272284946106194137e-01
1.819141335137697615e-02
5.919893743362841625e-03
1.607947315919567438e-02
-7.593875113274310869e-03
1.536954784377256820e-02
