# time,u_0,95CLI,u_1,95CLI,u_2,95CLI
7.703999999999999737e+00
-1.016485914861390560e-01
1.298582951258185104e-02
-1.451513605469760028e-03
1.396394908212077526e-02
-1.303791407567965466e-02
1.257394964558368640e-02
