# time,u_0,95CLI,u_1,95CLI,u_2,95CLI
7.703999999999999737e+00
-1.482139730607643091e-01
2.410324673080446040e-02
-1.583536310585909393e-02
1.887194340844754181e-02
-3.091859216844038138e-03
2.089199237242607421e-02
