# time,u_0,95CLI,u_1,95CLI,u_2,95CLI
9.997999999999999332e+00
-8.962355772000003828e-02
3.431573381570723891e-02
-2.112570751999999150e-02
2.463850479948136510e-02
1.741313984999994652e-02
2.672494046252840358e-02
