# time,u_0,95CLI,u_1,95CLI,u_2,95CLI
9.997999999999999332e+00
-9.172715345000002907e-02
3.033240941411197503e-02
-1.304148344999996392e-02
2.623960998960943314e-02
-1.880798010000002754e-02
3.222556751620665044e-02
