# time,u_0,95CLI,u_1,95CLI,u_2,95CLI
9.997999999999999332e+00
-9.960018738749998324e-02
3.000951005494869456e-02
1.261081979999998867e-02
1.994198676575030180e-02
3.052388962499964775e-03
3.615313191920137975e-02
