# time,u_0,95CLI,u_1,95CLI,u_2,95CLI
7.703999999999999737e+00
-1.202086552726771285e-01
1.426843313663389741e-02
-4.977775040350062088e-03
1.292390881560282270e-02
-1.334473985064397496e-02
1.091318842809729274e-02
