# time,u_0,95CLI,u_1,95CLI,u_2,95CLI
9.997999999999999332e+00
-8.805903236562501180e-02
1.280468049592643938e-02
-1.342036976796876120e-02
1.284981347457976077e-02
-7.230684689843760483e-03
1.086803939871089190e-02
