# time,u_0,95CLI,u_1,95CLI,u_2,95CLI
7.703999999999999737e+00
-9.673694883856731597e-02
3.525435421403485398e-02
4.174332143784069069e-03
2.991248688384333734e-02
-2.105182317350120375e-02
3.619077961173756963e-02
