# time,u_0,95CLI,u_1,95CLI,u_2,95CLI
9.997999999999999332e+00
-9.878135413274333199e-02
1.596066445056125091e-02
-1.105237010442478365e-02
1.712007512735183590e-02
-1.096668817345134231e-02
1.756036572930080517e-02
