# time,u_0,95CLI,u_1,95CLI,u_2,95CLI
7.703999999999999737e+00
4.611900288249416446e-01
3.526590264840304134e-02
1.125361969569164955e-02
2.259053961503244487e-02
4.059486158512846249e-02
2.942945783155974035e-02
