# time,u_0,95CLI,u_1,95CLI,u_2,95CLI
9.997999999999999332e+00
3.467317494414061674e-01
1.006716178538436500e-02
2.679387529999997103e-02
1.025306792861851654e-02
1.456661810937490056e-03
9.163249764931883506e-03
