# time,u_0,95CLI,u_1,95CLI,u_2,95CLI
9.997999999999999332e+00
3.026705858390624782e-01
1.070085140337005691e-02
2.047306264296876177e-02
9.437254458876805432e-03
9.645783194531239862e-03
8.897794172901474924e-03
