# time,u_0,95CLI,u_1,95CLI,u_2,95CLI
9.997999999999999332e+00
4.495400880700000101e-01
1.887298734408519169e-02
-4.945025614999989765e-03
1.756095788959854270e-02
-1.139497797000000104e-02
1.546513601227038869e-02
