# time,u_0,95CLI,u_1,95CLI,u_2,95CLI
9.997999999999999332e+00
4.494797602707965578e-01
1.448062970361862697e-02
3.547859898407079021e-02
1.205120865747913092e-02
1.778222841415930122e-02
1.314724613983376741e-02
