# time,u_0,95CLI,u_1,95CLI,u_2,95CLI
9.997999999999999332e+00
2.019845538335937607e-01
1.129961213325620002e-02
4.209355814843754665e-03
9.667153800607413208e-03
9.580428335156246714e-03
9.043729965473246840e-03
