# time,u_0,95CLI,u_1,95CLI,u_2,95CLI
9.997999999999999332e+00
2.393506747893804909e-01
1.479576022023839504e-02
1.035099834159289474e-02
1.321883987237931594e-02
-1.508548093274337219e-02
1.305825346483874792e-02
