# time,u_0,95CLI,u_1,95CLI,u_2,95CLI
9.997999999999999332e+00
5.239613439600001588e-01
1.446663193890019954e-02
1.734820336500000892e-02
1.929656031035721642e-02
2.325033781500001479e-02
1.682330287944704475e-02
