# time,u_0,95CLI,u_1,95CLI,u_2,95CLI
7.703999999999999737e+00
5.704494000315152302e-01
1.625497531146706878e-02
7.171557617440929393e-03
2.240473549946022519e-02
1.900817170294016520e-02
1.533038174493436649e-02
