# time,u_0,95CLI,u_1,95CLI,u_2,95CLI
7.703999999999999737e+00
5.816310813165068705e-01
2.132176414405059783e-02
1.596258808071688911e-03
1.906562853857393311e-02
1.672778865494423117e-02
2.053152703245305494e-02
