# time,u_0,95CLI,u_1,95CLI,u_2,95CLI
7.703999999999999737e+00
2.486327699329763385e-01
6.481484966604725111e-03
1.608885349332099274e-03
6.849522743982962292e-03
1.145524495370896061e-02
6.542614854476270538e-03
