# time,u_0,95CLI,u_1,95CLI,u_2,95CLI
7.703999999999999737e+00
3.989969059458539080e-01
1.219040115537846358e-02
1.033547738572216691e-02
1.362030349471560729e-02
3.829631016213015660e-02
1.017753932847435122e-02
