# time,u_0,95CLI,u_1,95CLI,u_2,95CLI
7.703999999999999737e+00
4.145811862367797529e-01
1.027545256825147628e-02
2.887882366419024932e-02
1.050337124272422706e-02
3.297988520815759578e-02
1.030104474721627895e-02
