# time,u_0,95CLI,u_1,95CLI,u_2,95CLI
7.703999999999999737e+00
5.217689168018426749e-01
1.510265184334306891e-02
2.596394393167663489e-02
1.381523546554569090e-02
3.260535700671559484e-02
1.557917733684283448e-02
