# time,u_0,95CLI,u_1,95CLI,u_2,95CLI
9.997999999999999332e+00
3.860364349858406152e-01
1.504532329468353212e-02
3.079587005663719443e-02
1.204710805068318416e-02
1.123525789026550391e-02
1.196229103046953825e-02
