# time,u_0,95CLI,u_1,95CLI,u_2,95CLI
7.703999999999999737e+00
1.197959987505425872e-02
2.000431965899855322e-02
-6.222319351200891096e-05
1.423072271543386440e-02
1.470624312281661010e-02
1.457960850111549543e-02
