# time,u_0,95CLI,u_1,95CLI,u_2,95CLI
9.997999999999999332e+00
3.534451173099998345e-01
2.049772110353690474e-02
1.983497954999999952e-02
1.421790990968809301e-02
1.009607316999997645e-02
1.703433096988936010e-02
