# time,u_0,95CLI,u_1,95CLI,u_2,95CLI
7.703999999999999737e+00
5.794767127043861654e-01
1.435896536775574037e-02
7.399030346483212797e-03
1.929122782627072999e-02
4.088251993252010191e-02
1.550159385276306083e-02
