# time,u_0,95CLI,u_1,95CLI,u_2,95CLI
9.997999999999999332e+00
5.883706900699998688e-01
1.000137140409282539e-02
1.071505661999999290e-02
1.783382283096446655e-02
2.634370829999999053e-02
1.616756064452105901e-02
