# time,u_0,95CLI,u_1,95CLI,u_2,95CLI
7.703999999999999737e+00
5.669375163671165341e-01
2.641190886344763067e-02
9.462819101998415708e-03
3.235601504687800334e-02
2.641141083246822258e-02
2.771087086195579349e-02
