# time,u_0,95CLI,u_1,95CLI,u_2,95CLI
7.703999999999999737e+00
5.435693206332727900e-01
2.001561241162228347e-02
-2.798011848559565223e-02
1.881830420924893166e-02
4.519712428627044309e-02
1.364317214459811328e-02
