# time,u_0,95CLI,u_1,95CLI,u_2,95CLI
9.997999999999999332e+00
5.879531105285720205e-01
1.370110865848498533e-02
-1.372460864285645048e-03
2.366536088066069701e-02
1.744142927857142769e-02
1.737278990330869480e-02
