# time,average_velocity_axis_0_t_inf,95CLI,us,surftimeconst
2.598699999999999832e+01,1.917426195044147130e+00,6.367497328597422450e-03,8.000000000000000444e-01,2.500000000000000000e-01
2.598699999999999832e+01,1.504921570178208823e+00,5.059213066927623070e-03,4.000000000000000222e-01,5.000000000000000000e-01
2.598699999999999832e+01,1.305226900732545658e+00,3.417300677583836981e-03,2.000000000000000111e-01,7.500000000000000000e-01
2.598699999999999832e+01,1.183879016671872675e+00,2.523567791177006286e-03,1.000000000000000056e-01,1.000000000000000000e+00
2.598699999999999832e+01,1.114419488627279353e+00,1.510543645010577977e-03,5.000000000000000278e-02,1.000000000000000000e+00
