# time,u_0,95CLI,u_1,95CLI,u_2,95CLI
1.000000000000000000e+01
-7.327647284581162088e-03
6.731174829980569874e-03
-3.199401874898462859e-03
9.079606640803887865e-03
2.266259716001140824e-03
6.782189977552380289e-03
