# time,u_0,95CLI,u_1,95CLI,u_2,95CLI
1.000000000000000000e+01
-7.638583340558457307e-03
6.766639521833870026e-03
-4.029481041438180700e-03
9.079732835372725935e-03
6.036673162437779152e-04
6.631316363665632277e-03
