# time,average_velocity_axis_0_t_inf,95CLI,vs,reorientationtime
9.997999999999999332e+00,2.060520230999324798e-01,2.717214337547750949e-02,4.000000000000000000e+00,5.000000000000000000e-01
9.997999999999999332e+00,5.153855841480796673e-01,5.998224475274851336e-02,8.000000000000000000e+00,5.000000000000000000e-01
9.997999999999999332e+00,5.286301312996975060e-02,6.748250848798988469e-03,1.000000000000000000e+00,5.000000000000000000e-01
