# time,u_0,95CLI,u_1,95CLI,u_2,95CLI
1.000000000000000000e+01
-6.634043805145223294e-02
2.670433530462982749e-02
1.164175400193396062e-02
3.421234966320394616e-02
-1.051731185247328434e-02
2.488544977754000853e-02
