# time,average_velocity_axis_0_t_inf,95CLI,vs,th
9.996000000000000441e+00,2.324497232730982910e-01,3.621870002013670171e-03,4.000000000000000000e+00,3.930000000000000160e-01
