# time,average_velocity_axis_0_t_inf,95CLI,vs,th
9.996000000000000441e+00,1.974205565038515409e-01,1.141837595011751041e-02,4.000000000000000000e+00,4.500000000000000111e-01
