# time,average_velocity_axis_0_t_inf,95CLI,vs,surftimeconst
9.996000000000000441e+00,2.678834607085021635e-01,5.946619028076230787e-03,1.000000000000000000e+00,3.000000000000000000e+00
