# vs,max_surftimeconst,max_average_velocity_axis
1.000000000000000000e+00,3.428571428571428381e+00,2.707902379893167844e-01
