# time,average_velocity_axis_0_t_inf,95CLI,vs,surftimeconst
9.996000000000000441e+00,2.122231062346813524e-01,6.144415534756505863e-03,1.000000000000000000e+00,0.000000000000000000e+00
