# time,u_0,95CLI,u_1,95CLI,u_2,95CLI
6.498000000000000220e+00
-9.820784047646521214e-03
6.982968477369338491e-03
7.439581258832775107e-04
8.157215942520947352e-03
1.140940758212681885e-03
6.991697671267055672e-03
