# time,u_0,95CLI,u_1,95CLI,u_2,95CLI
6.498000000000000220e+00
-3.963508696814070642e-02
6.999045312576703849e-03
1.004755469561173335e-02
7.740933666977181139e-03
-1.212864257361844422e-04
6.730156794030278319e-03
