# time,average_velocity_axis_0_t_inf,95CLI,vs,surftimeconst,omegamax
9.996000000000000441e+00,8.372239882281037882e-02,6.043283628951118605e-03,1.000000000000000000e+00,3.000000000000000000e+00,1.250000000000000000e-01
9.996000000000000441e+00,1.574284919045743358e-01,6.060588820020047958e-03,1.000000000000000000e+00,3.000000000000000000e+00,2.500000000000000000e-01
9.996000000000000441e+00,2.717780773442189379e-01,5.663952541719070519e-03,1.000000000000000000e+00,3.000000000000000000e+00,5.000000000000000000e-01
9.996000000000000441e+00,3.426658432904411411e-01,5.569849923366454458e-03,1.000000000000000000e+00,2.000000000000000000e+00,1.000000000000000000e+00
9.996000000000000441e+00,3.623658396952530447e-01,5.491760612115621255e-03,1.000000000000000000e+00,3.000000000000000000e+00,9.999999999999999999e+01
