# time,u_0,95CLI,u_1,95CLI,u_2,95CLI
6.498000000000000220e+00
5.842198399915636900e-03
6.697550592277920316e-03
-2.436455500385768976e-03
7.434772690200384775e-03
-3.281388473137545302e-03
6.474745338954081449e-03
