# time,average_velocity_axis_0_t_inf,95CLI,vs,filterlength,surftimeconst
9.997999999999999332e+00,1.365950551438412930e-01,9.568111559625700618e-03,1.000000000000000000e+00,0.000000000000000000e+00,4.000000000000000000e+00
5.652000000000000135e+00,1.279458445814258272e-01,1.269991387927693616e-02,1.000000000000000000e+00,1.000000000000000000e+00,3.000000000000000000e+00
5.652000000000000135e+00,1.238147216710484139e-01,1.282078192618755184e-02,1.000000000000000000e+00,2.000000000000000000e+00,2.000000000000000000e+00
5.652000000000000135e+00,1.207783238113306207e-01,1.284265171067559136e-02,1.000000000000000000e+00,4.000000000000000000e+00,4.000000000000000000e+00
5.652000000000000135e+00,1.078382327328821499e-01,1.275838954954880769e-02,1.000000000000000000e+00,8.000000000000000000e+00,2.500000000000000000e+00
