# time,u_0,95CLI,u_1,95CLI,u_2,95CLI
9.999000000000000554e+00
-9.574274145551747717e-02
3.612420115786281905e-03
-5.800540700746571743e-03
3.346574045512046552e-03
-8.867420938859105900e-03
2.695466823047158299e-03
