# time,u_0,95CLI,u_1,95CLI,u_2,95CLI
9.999000000000000554e+00
-6.201872635980617415e-02
6.256747767772669229e-03
2.603422773648386875e-03
5.845419484343152526e-03
-9.935108766332616075e-04
5.077096910014107164e-03
