# time,u_0,95CLI,u_1,95CLI,u_2,95CLI
9.999000000000000554e+00
-5.154105160198429320e-02
6.293692801784897192e-03
2.013644054978058762e-03
6.346065984898262465e-03
-4.611065897172127517e-03
5.786842014791547702e-03
