# time,u_0,95CLI,u_1,95CLI,u_2,95CLI
9.999000000000000554e+00
-5.641322082204652810e-02
4.655375519564102470e-03
3.633153216329368558e-03
5.113949759782337318e-03
1.281794830779936761e-03
4.530023821813678950e-03
