# time,u_0,95CLI,u_1,95CLI,u_2,95CLI
9.999000000000000554e+00
-6.445155452610648594e-02
3.260658947478187533e-03
1.339416609353919277e-03
3.565504291743206138e-03
-5.944350466137239206e-03
3.070607189426858251e-03
