# time,u_0,95CLI,u_1,95CLI,u_2,95CLI
9.999000000000000554e+00
-1.300594312876682535e-01
4.701417916103902209e-03
1.632167605541355029e-04
4.316675706936207342e-03
-6.678592938931746277e-03
3.768594237701860476e-03
