# time,u_0,95CLI,u_1,95CLI,u_2,95CLI
1.000000000000000000e+01
6.062409464453119567e-02
3.866716473299987300e-02
-2.311403381562493475e-02
4.805391269690749423e-02
7.194883600000013223e-03
2.892937629958204637e-02
