# time,u_0,95CLI,u_1,95CLI,u_2,95CLI
1.000000000000000000e+01
4.249438252177735464e-02
9.634604721321670534e-03
3.919864456787084186e-03
1.258527054759496847e-02
2.440366896874981636e-03
9.027503673337941917e-03
