# time,u_0,95CLI,u_1,95CLI,u_2,95CLI
1.000000000000000000e+01
2.310997129664062455e-01
4.084007775129218365e-02
3.344356392734373906e-02
4.833407438105058462e-02
1.899330320312224950e-04
3.221545920391592766e-02
