# time,u_0,95CLI,u_1,95CLI,u_2,95CLI
1.000000000000000000e+01
1.114120740507812679e-01
4.196919285108050707e-02
5.674440237500025935e-03
4.455796285287223074e-02
2.893885737734378308e-02
3.111695259801051591e-02
