# time,u_0,95CLI,u_1,95CLI,u_2,95CLI
1.000000000000000000e+01
2.532327199749999647e-01
8.174497899111182742e-02
3.962087076874994118e-02
9.240818367321430860e-02
1.846170498750002859e-02
4.496740643732978493e-02
