# time,u_0,95CLI,u_1,95CLI,u_2,95CLI
1.000000000000000000e+01
2.765091922343748676e-01
8.155288641791660909e-02
-5.173407014062502557e-02
8.178984201731366588e-02
2.269936120625000789e-02
4.972837532501909324e-02
