# vs,max_surftimeconst,max_average_velocity_axis
1.000000000000000000e+00,5.714285714285713524e+00,1.141045079870019663e+01
