# time,average_velocity_axis_0_t_inf,95CLI,vs,filterlength,surftimeconst
7.266000000000000014e+00,3.877296741673548208e-01,4.726346393410471580e-02,4.000000000000000000e+00,5.000000000000000000e+00,2.500000000000000000e+00
7.266000000000000014e+00,6.504468242499312769e-01,9.583940951995800761e-02,8.000000000000000000e+00,6.000000000000000000e+00,2.000000000000000000e+00
7.266000000000000014e+00,3.598228827974470634e-01,4.790114890663493136e-02,4.000000000000000000e+00,6.000000000000000000e+00,1.500000000000000000e+00
7.266000000000000014e+00,6.958000748348471820e-01,1.055106357171467224e-01,8.000000000000000000e+00,7.000000000000000000e+00,2.000000000000000000e+00
7.266000000000000014e+00,3.502120116381089998e-01,4.447099600509475670e-02,4.000000000000000000e+00,7.000000000000000000e+00,3.000000000000000000e+00
7.266000000000000014e+00,7.220221622969996700e-01,1.026350314272595626e-01,8.000000000000000000e+00,3.000000000000000000e+00,4.000000000000000000e+00
7.266000000000000014e+00,6.854486757672723085e-01,9.923769734396085951e-02,8.000000000000000000e+00,5.000000000000000000e+00,1.000000000000000000e+00
7.266000000000000014e+00,3.985859745948596711e-01,4.631946485237286443e-02,4.000000000000000000e+00,3.000000000000000000e+00,2.500000000000000000e+00
