# vs,filterlength,max_surftimeconst,max_average_velocity_axis
4.000000000000000000e+00,5.000000000000000000e+00,2.326530612244897878e+00,3.697158271160696508e-01
8.000000000000000000e+00,6.000000000000000000e+00,1.836734693877551061e+00,6.215218183068260682e-01
4.000000000000000000e+00,6.000000000000000000e+00,3.183673469387755084e+00,3.563133698275651740e-01
8.000000000000000000e+00,7.000000000000000000e+00,2.571428571428571175e+00,6.480561258942361125e-01
4.000000000000000000e+00,7.000000000000000000e+00,3.306122448979591955e+00,3.418181947922765418e-01
8.000000000000000000e+00,3.000000000000000000e+00,2.571428571428571175e+00,6.845664382970925166e-01
8.000000000000000000e+00,5.000000000000000000e+00,2.693877551020408045e+00,6.453385070863908446e-01
4.000000000000000000e+00,3.000000000000000000e+00,2.816326530612244916e+00,3.958634484582161384e-01
