# time, log_rho_var
2.000000000000000042e-03,4.854039221834083860e-04
4.000000000000000083e-03,7.881220299699905063e-04
1.600000000000000033e-02,7.572365513112730429e-03
3.200000000000000067e-02,3.055443673167489854e-02
6.400000000000000133e-02,1.134426622844997706e-01
1.280000000000000027e-01,3.454864325362539401e-01
2.560000000000000053e-01,8.969736262340649580e-01
5.120000000000000107e-01,2.157765410847877874e+00
1.024000000000000021e+00,4.984878070260088556e+00
