# time,u_0,95CLI,u_1,95CLI,u_2,95CLI
9.999000000000000554e+00
-3.324909292867989086e-02
2.972309215156822716e-03
1.526772699586060114e-03
3.106824376403047837e-03
-8.756333364430627644e-04
2.756748885835868038e-03
