# time,u_0,95CLI,u_1,95CLI,u_2,95CLI
9.999000000000000554e+00
-2.474744582970612658e-02
2.913083090866374226e-03
1.686133600721262480e-03
3.008581850253828037e-03
2.624866766881028303e-04
2.765058653766450190e-03
