# time,u_0,95CLI,u_1,95CLI,u_2,95CLI
9.999000000000000554e+00
-3.600305004663129776e-02
2.961320167219659485e-03
4.825108771751510615e-03
3.098362002461184806e-03
-1.966685093596512186e-03
2.721241032807800424e-03
