# time,u_0,95CLI,u_1,95CLI,u_2,95CLI
9.999000000000000554e+00
-2.263229132171612826e-02
2.954810157454719390e-03
2.617114392917312647e-03
3.125791978809828921e-03
-2.685583565659919146e-04
2.737104930399874084e-03
