# time,u_0,95CLI,u_1,95CLI,u_2,95CLI
9.999000000000000554e+00
-2.589051257653742985e-02
2.940497779177095924e-03
8.514386543589695048e-04
3.037591062226383410e-03
2.701959482615240828e-04
2.699091061779800276e-03
